user,time,text,quote,topic
"['\nsaeva6', '\nЕкатерина Дятлова', '\nsaeva6', '\nbelle34', '\nsaeva6', '\nsaeva6', '\nBloody Mary', '\nadamm51']","['\nОпубликовано: 18 авг 2019\n', '\nОпубликовано: 15 окт 2019\n', '\nОпубликовано: 12 ноя 2019\n', '\nОпубликовано: 9 янв 2020\n', '\nОпубликовано: 1 мар 2020\n', '\nОпубликовано: 3 апр 2020\n', '\nОпубликовано: 4 апр 2020\n', '\nОпубликовано: 9 мар 2021\n']","['\n\n\tЛюбимый учился в\xa0 экономическом, создавал разные презентации. Чтобы теперь бесхозно не лежали, я вот предложила ему загрузить их на ютуб. В будущем продолжать развивать эту сферу. Кому несложно, гляньте ролик пожалуйста, скажите какие плюсы и миунсы\xa0 в видео, что лучше поменять и т.п. Буду благодарна за советы!\xa0\n\n\n\n\n\n\n\n\t\xa0\n\n', '\n\n\tМне видео, очень понравилось.. Рассказано все доступно, пробуждает интерес к книге. И даже стимулирует на то, чтобы пересмотреть свои взгляды на жизнь, которой человек живет! Мне кажется менять ничего не нужно!!!\n\n', '\n\tТак приятно, спасибо\xa0', '\n\n\tОчень интересно! И главное не затянуто.)\n\n\n\tбудем ждать еще видео\n\n', '\n\n\tУзнала, что этот Джеймс Сидис знал от 40 до 200 языков и свободно переводил с одного на другой. Плюс IQ у него был под 300. Такое вообще может быть?\n\t\xa0\n\n\n\n\n\n\n\n\t\xa0\n\n', '\n\n\tКак думаете, рабочая ли схема увеличения своего благосостояния от Роберта Кийсоаки?\n\t\xa0\n\n\n\n\n\n\n\n\t\xa0\n\n', '\n\n\tКлассный ролик! ""Бедный папа, богатый папа"" эта первая книга о бизнесе, которую я прочла, а точнее сказать прослушала) После были и ""Квадрант денежного потока"", и другие его произведения. Лично я для себе подчерпнула много\xa0полезного из\xa0этой книги, и по сей день применяю некоторые описанные в ней правила. После прочтения этой книги я сменила работу и нисколько об этом не жалею. Получив новый опыт,\xa0 двигаешься по жизни гораздо смелее и увереннее! Кто не читал, - очень рекомендую!\xa0\n\n', '\nhttps://screen-recording.ru/kak-snimat-letsplei.php\xa0Вполне возможно, что в будущем это ему пригодится. Буд рад, если смог помочь.\n']","['', '', '\n\n\t\t\tМне видео, очень понравилось.. Рассказано все доступно, пробуждает интерес к книге. И даже стимулирует на то, чтобы пересмотреть свои взгляды на жизнь, которой человек живет! Мне кажется менять ничего не нужно!!!\n\t\t\n', '', '', '', '', '\n\n\t\t\tУзнала, что этот Джеймс Сидис знал от 40 до 200 языков и свободно переводил с одного на другой. Плюс IQ у него был под 300. Такое вообще может быть?\n\t\t\t\xa0\n\t\t\n\n\n\n\n\n\n\t\t\t\xa0\n\t\t\n']","['Art&Hobbies', 'Art&Hobbies', 'Art&Hobbies', 'Art&Hobbies', 'Art&Hobbies', 'Art&Hobbies', 'Art&Hobbies', 'Art&Hobbies']"
"['\nCvetokOK', '\nXyhuvupu', '\nNatali Danilenko Ya', '\nForarriOlla', '\nСаморитянка', '\nДама-S-Амстердама', '\nKaterina_M', '\nГость', '\nAugustina', '\nNikaKraft', '\nAlexaw32', '\nAlisaSpb', '\nAugustina', '\nМамаЧуда', '\nAugustina', '\nМиккмИ', '\nЛисичка', '\nForarriOlla', '\nhitrec322', '\nМультивитамин', '\nEvgeniaa1983', '\nppolik', '\nElenaML', '\nElenaML', '\nkissa25', '\nLLeennuusya', '\nEkaterinaN', '\nviktoria222', '\nEvgusha', '\nКюшечкаН', '\nЕкатерина Дятлова', '\nAliska', '\nbelle34']","['\nОпубликовано: 26 мар 2017\n', '\nОпубликовано: 27 мар 2017\n', '\nОпубликовано: 27 мар 2017\n', '\nОпубликовано: 14 авг 2017\n', '\nОпубликовано: 24 авг 2017\n', '\nОпубликовано: 24 авг 2017\n', '\nОпубликовано: 13 ноя 2017\n', '\nОпубликовано: 14 ноя 2017\n\t\t\t\n\t\t\t\t(изменено)\n\t\t\t\n\t\t\t\n\t\t\t\n\t\t', '\nОпубликовано: 14 ноя 2017\n', '\nОпубликовано: 28 ноя 2017\n', '\nОпубликовано: 30 ноя 2017\n', '\nОпубликовано: 30 ноя 2017\n', '\nОпубликовано: 1 дек 2017\n', '\nОпубликовано: 4 дек 2017\n', '\nОпубликовано: 4 дек 2017\n', '\nОпубликовано: 11 дек 2017\n', '\nОпубликовано: 23 дек 2017\n', '\nОпубликовано: 15 янв 2018\n', '\nОпубликовано: 13 апр 2018\n', '\nОпубликовано: 24 сен 2018\n', '\nОпубликовано: 24 сен 2018\n', '\nОпубликовано: 21 янв 2019\n', '\nОпубликовано: 28 янв 2019\n', '\nОпубликовано: 24 мар 2019\n', '\nОпубликовано: 24 мар 2019\n', '\nОпубликовано: 2 апр 2019\n', '\nОпубликовано: 23 апр 2019\n', '\nОпубликовано: 24 апр 2019\n', '\nОпубликовано: 24 апр 2019\n', '\nОпубликовано: 25 май 2019\n', '\nОпубликовано: 14 окт 2019\n', '\nОпубликовано: 7 янв 2020\n', '\nОпубликовано: 9 янв 2020\n']","['\n\n\tПривет девочки\xa0\n\n\tВ данный момент по болезни (упаоа и закрытый перелом голени)\xa0нахожусь дома. Дочь и подруги приходят часто - но хочется заняться чем-нибудь, как хобби,\xa0чтобы не убивать много времени ща компьютером и телевизором.\n\n', '\n\n\tкапец. У меня нет времени на все - а вы не знаете чем заняться??)))\n\n\n\tвязание\n\n\n\tцветы\n\n\n\tбисер\n\n\n\tканзашки\n\n\n\tготовка блюд, украшения\n\n\n\tи еще много чего..\n\n\n\tВ зависимости от того, что вы любите и ваши предпочтения.\n\n', '\n\n\tдома дел полно))) для души, тела, по хозяйству можно что-то придумать\n\n', '\n\n\tВышивание, одно из моих самых любимых хобби. Я даже \xa0наборы для вышивания бисером часто покупаю в интернет-магазине, мужа пробовала подсадить, но ему как-то не очень интересно, что собственно и логично, все же не совсем мужское это дело, по-моему. Поэтому сама буду и дальше развивать свои навыки, тем более в интернете есть наборы за достаточно низкую цену\n\n', '\n\nЯ собираю марки уже давно, мне нравится мое хобби.\n\n', '\n\n\tВязание! Идеальное и полезное занятие! 100%\n\n', '\n\n\tЕсли Вы находитесь в поисках интересного хобби или рукоделия – попробуйте квиллинг! Это несложное на первый взгляд рукоделие заставит играть ваше воображение, а для детей станет полезным занятием для развития моторики. Не верите? Убедитесь в этом сами!\n\tХудожница из Стамбула Сена Руна ( Sena Runa ) открыла для себя квиллинг\xa0 во время работы в качестве сотрудника отдела кадров. Когда она поняла, насколько удивительны её способности закручивания бумаги, она бросила свою работу. Сейчас Руна живёт мечтой каждого художника, обеспечивая себя своим творчеством. В её произведениях смешиваются цвет, текстура и форма в изящную композицию. Чтобы придать своим работам дополнительную глубину, Руна иногда включает нарисованные и раскрашенные элементы.\n\tВот её потрясающие работы:\n\n\n\n\n\n\n\n\n\n\n\nИсточник\n\n', '\n\n\tА я вот скрапбукингом занимаюсь. Случайно втянулась в это занятие и уже не оторваться. Творю альбомы (десткие, взрослые, для путешествий и т.д), открытки, бэбибуки , коробочки мамины сокровища (для хранения первых детских вещичек). Кому интересно, заходите внизу в подписи все ссылки есть.\xa0\n\n\n\tВот видео обзор по моему альбому для девушки:\n\n\n\n\n\n\n\n\tСамое главное, не тратить впустую время на телевизор и сидение в соцсетях\xa0на всякой развлекухе. Жизнь одна и надо что то в ней успеть сделать полезное\xa0\n\nИзменено 14 ноя 2017 пользователем Tanya_84\n\n', '\n\n\tМожете английским языком начать заниматься дома)\xa0по скайпу) очень интересно и полезно для работы)\n\n', '\n\n\tКоллекционирование - очень интересное хобби. Или, если есть склонности к рукоделию, - изготовление авторских игрушек. Их кстати продавать потом можно. Видела, на Виолити целый раздел есть посвященный этим изделиям. Такое себе хобби-бизнес\n\n', '\n\n\tМне кажется сейчас бы идеально для вас подошло вышивание, этим хобби можно спокойно заниматься дома, так что мне кажется это идеальный вариант,\xa0можно отыскать как раз подходящее по доступной цене)\n\n', '\n\n\tЯ, просто обожаю вышивать бисером. Правда времени свободного мало, а так, каждую свободную минутку сразу за иголку берусь.\xa0\n\n', '\n\n\tЧтение тоже можно как хобби рассматривать) никогда не надоедает + всегда можно что-то почерпнуть из книг) посмотрите подборку книг\xa0\xa0наверняка заинтересует какой-нибудь роман)\n\n', '\n\n\tЯ очень люблю читать. Считаю, что хорошая книга меняет человека и совершенствует. Подумайте, в какой области вашей жизни вы бы хотели подтянуться- для этого можно\xa0сделать колесо жизни, если не делали (погуглите, вещь очень интересная), проставить цели на будущее, заняться планированием, помечтать (только прям качественно, с визуализациями, с написанием идеальной картинки через 5 лет, например). Ну и исходя из\xa0всего этого и выберете, что для вас ценно и важно в этот момент: заняться вышиванием, которое обожаете, или выучить английский, до которого никак не доходили руки, а может- заняться инвестированием денег и\xa0привести в порядок домашнюю бухгалтерию, или прочесть книгу интересную по психологии или увлекательный роман, а может прокачать свои знания в области тайм-менеджмента и сделать всё это сразу)\n\n', '\n\n\tВот-вот) особенно на английском языке)\xa0очень круто для развития и изучения языка!)\n\n', '\n\n\tзаказывайте ресурс у компании Лионит, и зарабатывайте) даже сидя дома)\n\n', '\n\n\tЯ никогда не умела рисовать, но очень хотелось. И вот недавно открыла для себя технику алмазной вышивки, или как ее еще называют, алмазной мозаики. Это стало моим хобби. Это очень увлекательное \xa0занятие, подходит не только женщинам, им можно увлечь всю семью, особенно детей. \xa0\n\n\n\tАлмазная вышивка пришла к нам из Китая. Картины, выполненные в такой технике, смотрятся эффектно, переливаются всеми цветами радуги, что придает картине дорогой и современный вид. С помощью таких картин можно украсить любой \xa0интерьер, как \xa0дома, \xa0так и в \xa0офисе.\n\n\n\tДля их выполнения не нужны специальные навыки.\n\n\n\tНо есть и свои нюансы в их выполнении. Это становится ясно только в процессе работы. Это творчество в чистом виде. Алмазная вышивка\xa0— это довольно, так как стразы должны плотно прилегать друг к другу и занимать каждый свою ячейку. Поэтому \xa0необходимо \xa0терпение, твёрдая рука и хорошее освещение, \xa0и свободное время. Наборы для алмазной вышивки продаются в каждом магазине для рукоделия, а также интернет-магазинах. Выбор огромен, да и цены вполне демократичны.\n\n\n\tТакже можно пойти дальше и составить схему для вышивки самой, например, \xa0фотошопе, \xa0или взять любую схему для вышивки крестиком или бисером. Стразы можно купить отдельно. На этом даже можно заработать.\n\n\n\tОчень рекомендую!\n\n', '\n\n\tНе знаю актуален ли для автора все еще этот вопрос , но может другим пригодится мой совет. Я в свое время нашла для себя очень классный вариант интересного и полезного хобби, вышивание. Я покупала вышивальную в инете, так дешевле. Да и выбор такой, что\xa0в принципе там можно найти все что душе угодно.\n\n', '\n\n\tМоя жена вот сидит дома ,вышивает бисером,делает разные всякости из фетра, клеит какие-то коробочки...Ей это нравится,потому находит себе постоянно идеи!\n\n', '\n\n\tЕсли рукоделие не по душе, то лучше всего читать, смотреть фильмы по книгам - роскошь, на которую часто не хватает времени\n\n', '\n\n\tОчень неплохо заниматься созданием украшений. Мастер-классов – море. Например, вот тут для начинающих чудесные, очень простые и понятные есть.\n\tЭто затягивает. А если всё очень хорошо получается – можно дарить или даже продавать\xa0\n\n', '\n\n\tвязание\n\n', '\n\n\tДома дел всегда достаточно. Делать - не переделать. Но раз такая ситуация сложилась, то можно и себе любимой время уделить. Я лично все время пыталась хоть немного разобраться в астрологии, в этих гороскопах и влиянии планет на окружающих меня людей, когда лучшее время для какого то события выбрать и много еще разного. Когда недавно делали отцу операцию на глазах то подбирали время по совету астролога. Все прошло хорошо. Если есть желание то посмотрите бесплатные ролики\xa0на многие свои вопросы найдете ответы, а заодно и с подругами обсудите насколько все соответствует в действительности.\n\n', '\n\n\tЗаписалась в Центр духовного развития Марка Русборна. Вместе с подругой. После тренинга обязательно поделюсь впечатлениями.\n\n', '\n\n\tЯ то же записалась на тренинг к женщине она проофи в своем деле , по крайней мере много положительных отзывов\xa0 в инете про нее ! Она учит женщин находить свою второю половинку всего двумя словами .\xa0 Я Много проходила разных тренингов но такого результата я не добивалась не где ! Вот я и решила заняться самообразованием .Вот мое самообразование и\xa0 есть не плохое хобби ! И Это все бесплатно !\n\n', '\n\n\tВязание, шитье разно всякое, лепка, вышивка, плетение и много еще всего)\n\n', '\n\n\tПроведите время с пользой) Пройдите курс обучения в какой либо сфере, знания от которого\xa0помогут\xa0по работе,\xa0либо смогут принести дополнительный доход на фрилансе. Сама так изучала фотошоп.\xa0Если кому то будет интересно, что за курс я проходила, пишите)\n\n', '\n\tСупер подход)) Мне тоже очень нравится обучаться чему-то новому, работаю из дома через интернет. Постоянное творчество и общение. Да и по дому все успеваю сделать\n', '\n\n\tКогда с супругом задумались о ребенке,\xa0 я начала изучать возможности в интернете, чтобы во время декрета было чем заняться и плюс польза в виде дохода))) В итоге все это переросло в мое основное дело))) После декрета на работу не вышла. Тоже приобрела курс с пошаговым сопровождением.\n\n\n\t\xa0\n\n', '\n\n\tА не пробовали заняться нумизматикой. Наверняка у Вас дома имеются какие-то старые монеты, может хотя бы времен СССР.\n\n', '\n\n\tВышивание крестиком, мое любимое занятие. Многие вышивают бисером картины или иконы. Можно попробовать алмазную выкладку картин, или большие пазлы собирать!\n\n', '\n\n\tДевчат, случайно наткнулась в интернете на совершенно удивительную школу, и всего за час нарисовала такую милую картинку, аж под впечатлением  . Возьмите листочек и ручку, результат порадует вас и приятно удивит домочадцев  .\n\n\n\n\n\tРолик:\xa0https://bit.ly/36xOvah\n\n\n', '\n\n\tУ меня моя свекровь прошлой зимой неудачно упала и в итоге сломала шейку бедра. Так эта безудержная женщина начала учить английский по скайпу, научилась вязать крючком и еще вспомнила прошлое и начала шить:)))\n\n\n\tв наш век высоких технологий можно никуда не ездить, потому что тебе все привезут сами.\n\n\n\t\xa0\n\n\n\tМуж просто оплачивал заказ, а дальше она уже сама с курьерами разбиралась.\n\n\n\tСкорейшего выздоровления!\n\n']","['', '', '', '', '', '', '', '', '', '', '', '', '', '', '', '', '', '', '', '', '', '', '', '', '', '', '', '\n\n\t\t\tПроведите время с пользой) Пройдите курс обучения в какой либо сфере, знания от которого\xa0помогут\xa0по работе,\xa0либо смогут принести дополнительный доход на фрилансе. Сама так изучала фотошоп.\xa0Если кому то будет интересно, что за курс я проходила, пишите)\n\t\t\n', '', '', '', '', '']","['Art&Hobbies', 'Art&Hobbies', 'Art&Hobbies', 'Art&Hobbies', 'Art&Hobbies', 'Art&Hobbies', 'Art&Hobbies', 'Art&Hobbies', 'Art&Hobbies', 'Art&Hobbies', 'Art&Hobbies', 'Art&Hobbies', 'Art&Hobbies', 'Art&Hobbies', 'Art&Hobbies', 'Art&Hobbies', 'Art&Hobbies', 'Art&Hobbies', 'Art&Hobbies', 'Art&Hobbies', 'Art&Hobbies', 'Art&Hobbies', 'Art&Hobbies', 'Art&Hobbies', 'Art&Hobbies', 'Art&Hobbies', 'Art&Hobbies', 'Art&Hobbies', 'Art&Hobbies', 'Art&Hobbies', 'Art&Hobbies', 'Art&Hobbies', 'Art&Hobbies']"
"['\nLapochka', '\nRealmccoy', '\nKaterina_M', '\nppolik', '\nHericussa', '\nEkaterinaN', '\nAlikadorm']","['\nОпубликовано: 31 окт 2017\n', '\nОпубликовано: 31 окт 2017\n', '\nОпубликовано: 7 ноя 2017\n', '\nОпубликовано: 21 янв 2019\n', '\nОпубликовано: 24 янв 2019\n', '\nОпубликовано: 23 апр 2019\n', '\nОпубликовано: 12 ноя 2019\n']","['\n\n\tКто нибудь делает ставки на спорт в интернете? На что обратить внимание новичкам?\n\n', '\n\n\tЯ сама не так давно занимаюсь спорт. ставками и первое время вообще вопросов было нереальное количество. Первое, что хочу посоветовать, это обратить внимание на сервис\xa0 потому что там очень много полезной информации, как для новичка, так и для уже опытного игрока. Я, например, именно благодаря этому сайту узнал про такого букмекера, как Лига Ставок (на мой взгляд, это одна из лучших бк), на этом же портале я нашла подходящую для себя стратегию и постоянно отслеживаю спортивные новости и прочую информацию, которая хоть как-то может пригодиться. Так что, начните с изучения теоретических вопросов, а дальше уже постепенно разберетесь.\n\n', '\n\n\tВсё это полуобман. Не стала бы связываться\n\n', '\n\n\tя нет\n\n', '\n\n\tРазведут и глазом не моргнут. Зачем нам это.\n\n', '\n\n\tЛучше не соваться в эту сферу. Люди, которые очень хорошо разбираются в спорте и следят за командами не редко проигрывают приличные суммы. Кто то разрабатывает выстраивая какую то систему. Был у меня один знакомый, который, хоть и хорошо разбирался в футболе, делал ставки по теории вероятности. Каждый месяц он был в плюсе, но на незначительную сумму. Трудозатраты несоизмеримы\xa0прибыли.\n\n', '\nгыыыыыы..... вот так облом\n']","['', '', '', '', '', '', '']","['Art&Hobbies', 'Art&Hobbies', 'Art&Hobbies', 'Art&Hobbies', 'Art&Hobbies', 'Art&Hobbies', 'Art&Hobbies']"
['\nLedivinter'],['\nОпубликовано: 7 окт 2019\n'],"['\n\n\tПриветствую вас девченки.\xa0\n\tМое любимое хобби, это кладоискательство.\xa0\n\tМуж научил меня и мы ходим вдвоем теперь.\xa0\n\tЭто очень интересно и занимательно.\xa0\n\tКогда ты подымаешь с земли монету 1776 года у меня просто пульс зашкаливает.\xa0\n\tНикогда не подумала-бы что я буду этим заниматься. А у вас какое хобби?\n\n']",[''],['Art&Hobbies']
"['\nГость', '\npewendutt']","['\nОпубликовано: 28 мар 2016\n', '\nОпубликовано: 5 окт 2019\n']","['\n\n\tШкола класс! Очень доволен что нашел такую школу рядом с домом. Очень приятно, что преподаватели индивидуально подходят ко всем. Меня не так легко научить танцевать, но у них получается.\xa0\n\n', '\nЯ о таком еще не слышал\n']","['', '']","['Art&Hobbies', 'Art&Hobbies']"
"['\nКлетка', '\nГрета', '\nXuos', '\nXyhuvupu', '\nСапфировая', '\nАзалия', '\nTata84', '\nAlenauhaneva55', '\nlactevias', '\nKrasnoweke']","['\nОпубликовано: 2 июн 2016\n', '\nОпубликовано: 13 июн 2016\n', '\nОпубликовано: 5 июл 2016\n', '\nОпубликовано: 12 июл 2016\n', '\nОпубликовано: 22 авг 2016\n', '\nОпубликовано: 11 сен 2016\n', '\nОпубликовано: 17 сен 2016\n', '\nОпубликовано: 13 ноя 2016\n', '\nОпубликовано: 30 июл 2019\n', '\nОпубликовано: 10 авг 2019\n']","['\n\n\tВ последнее время стали популярны украшения ручной работы. Мне что-то нравится, что-то не очень. Но я даже захотела сама что-нибудь такое делать, у меня много интересных идей. Девочки, а как вы относитесь к таким украшениям?\xa0\n\n', '\n\n\tЛюблю рассматривать такие украшения). Прям есть такие интересные,\xa0что даже думаешь откуда только у людей фантазия берётся. У меня почти ничего нет из украшений ручной работы, только заколочки, но это только потому, что я в принципе украшения почти не ношу. Но мне нравится разглядывать их на других.\n\n', '\nлюблю длать такие - но все больше для ребенка. Хотя она и сама садится и начинает плести и бусинки впутывать. Но чтобы себе нгадеть - такого мастерства нет..\n', '\n\n\tочень хорошо выходят всякие украшения для восточных танцев и прочих выступлений на сцене. Там фантазия может играть... А вот ежедневные... тут проблемка..\n\n', '\n\n\tЯ не любительница, больше классика нравится.\n\n', '\n\n\tМне нравятся покупаю у девочки знакомой из полимерной глины.\n\n', '\n\n\tМне очень нравятся украшения, но пока еще не покупала, не знаю с чем их носить.\n\n', '\n\n\tДевчонки, зашла вчера в Леоардо - там прям самым безруким можно купить основы, наклеить всяких бусинок - и будет аутентичная вещь\n\n', '\n\n\tУкрашения ручной работы -- это уникальная вещь. Отношусь сугубо положительно, приятно иметь вещь ""несерийного"" производства.\xa0\n\n', '\nПосле переезда в Сочи у меня появилось новое хобби -шитье. Презентация работ. Юбка зеленая. Покрывало и наволочка -лоскутное шитье пэчворк, легкая сумка на плечо из старых джинсов. Все швы-только ручной работы, без применения швейной машинки.\n']","['', '', '', '', '', '', '', '', '', '']","['Art&Hobbies', 'Art&Hobbies', 'Art&Hobbies', 'Art&Hobbies', 'Art&Hobbies', 'Art&Hobbies', 'Art&Hobbies', 'Art&Hobbies', 'Art&Hobbies', 'Art&Hobbies']"
"['\nОльгаФокс', '\nRenata', '\nSvetikthync']","['\nОпубликовано: 14 фев 2019\n\t\t\t\n\t\t\t\t(изменено)\n\t\t\t\n\t\t\t\n\t\t\t\n\t\t', '\nОпубликовано: 10 июн 2019\n', '\nОпубликовано: 3 авг 2019\n']","['\n\n\tКоллекционирую столовое серебро ручной работы. \xa0А началось всё с того, что нам на свадьбу такой красивый набор подарили. Я влюбилась в него с первого взгляда. Серебро такое прочное, аристократичное. Мыть его одно удовольствие. А ещё, иногда дарю столовое серебро в качестве подарков. Все безумно рады такую яркому, оригинальному подношению. Кто ещё такой же фанат серебра, как и я? Давайте пообщаемся)\n\n\n\n\n\nИзменено 15 фев 2019 пользователем Сергей Владимирович\nссылки запрещены\n\t\n\t\n\n', '\n\n\tТоже коллекционирую такое серебро и еще золото.Ну золото можно найди реже потому что для него нужно напрячься и поискать очень плотно. Любовь к коллекционированию привил\xa0мне дедушка который собирал очень долго марки, всякие медали и ордена. Мне очень нравиться это занятие.\n\n', '\n\n\tДавайте поговорим о том, кто что собирает для коллекции.\n\tДелитесь, выкладывайте фотки своих коллекций\n\tСама не увлекаюсь, вот разве что магниты на холодильник начала собирать, потому как друзья привозят, да и сама стала покупать.\n\n']","['', '', '']","['Art&Hobbies', 'Art&Hobbies', 'Art&Hobbies']"
"['\nDasha', '\nАнна Викторовна', '\nМайская', '\nXuos', '\nXyhuvupu', '\nДарьяСерова', '\nZidogaj', '\nvdowencko', '\nResha90', '\nlada_grom', '\nResha90', '\nlada_grom', '\nResha90', '\nlada_grom', '\nResha90', '\nlada_grom', '\nResha90', '\nlada_grom', '\nResha90', '\nlada_grom', '\nResha90', '\nlada_grom', '\nResha90', '\nlada_grom', '\nResha90', '\nlada_grom', '\nResha90', '\nlada_grom', '\nResha90', '\nlada_grom', '\nResha90', '\nlada_grom', '\nResha90', '\nlada_grom', '\nResha90']","['\nОпубликовано: 3 фев 2016\n', '\nОпубликовано: 4 фев 2016\n', '\nОпубликовано: 6 июн 2016\n', '\nОпубликовано: 5 июл 2016\n', '\nОпубликовано: 12 июл 2016\n', '\nОпубликовано: 12 июл 2016\n', '\nОпубликовано: 12 июл 2016\n', '\nОпубликовано: 13 июл 2016\n', '\nОпубликовано: 27 ноя 2018\n', '\nОпубликовано: 27 ноя 2018\n', '\nОпубликовано: 28 ноя 2018\n', '\nОпубликовано: 28 ноя 2018\n', '\nОпубликовано: 28 ноя 2018\n', '\nОпубликовано: 28 ноя 2018\n', '\nОпубликовано: 29 ноя 2018\n', '\nОпубликовано: 29 ноя 2018\n', '\nОпубликовано: 29 ноя 2018\n', '\nОпубликовано: 29 ноя 2018\n', '\nОпубликовано: 30 ноя 2018\n', '\nОпубликовано: 30 ноя 2018\n', '\nОпубликовано: 30 ноя 2018\n', '\nОпубликовано: 30 ноя 2018\n', '\nОпубликовано: 30 ноя 2018\n', '\nОпубликовано: 3 дек 2018\n', '\nОпубликовано: 3 дек 2018\n', '\nОпубликовано: 3 дек 2018\n', '\nОпубликовано: 3 дек 2018\n', '\nОпубликовано: 3 дек 2018\n', '\nОпубликовано: 4 дек 2018\n', '\nОпубликовано: 4 дек 2018\n', '\nОпубликовано: 4 дек 2018\n', '\nОпубликовано: 4 дек 2018\n', '\nОпубликовано: 4 дек 2018\n', '\nОпубликовано: 4 дек 2018\n', '\nОпубликовано: 4 дек 2018\n']","['\n\n\tЯ в последнее время начала много вязать, хотя раньше совсем не любила. Уже навязала всем носков, варежек. Не знаю что бы ещё придумать. Муж не очень любит вязаные вещи. Ребёнку связала шапочку, шарф, варежки. А что ещё не знаю. Может кто-то посоветует, куда мне девать свою энергию по вязанию с пользой?)\n\n', '\n\n\tМожно организовать страничку \xa0социальной сети с вашими работами и продавать там вязаные вещи. Ну либо вязать на заказ. Сделайте себе рекламу, всё в тех же социальных сетях, и принимайте заказы. И реализуете свой талант, и прибыль получите. Можно начать со знакомых, а потом уже сарафанное радио поможет найти клиентов.\n\n', '\n\n\tМожно обвязывать всех родственников и друзей. Проведите опрос среди них - кому что надо, и приступайте к делу. У меня мама вяжет, и мои подружки к ней часто обращаются, чтобы она им что-нибудь связала. Так что моей маме таким образом всегда хватает работы по вязанию))).\xa0\n\n', '\nесть очень симпотные тапочки для дома, гольфы ажурные, варежки ажурные.\nможно начать вязать свитерки какие-то на зиму, можно платье крючком - вообще пик моды сейчас.\n', '\n\n\tа я видела ажурные зонты... вот красота. Но чтобы дойтидо такого уровня - лет 5 надо кропотливо учится..\n\n', '\n\n\tПопробуйте простую кофточку на весну. Можно даже пушистенькую. Точно лежать и пылиться не будет\n\n', '\n\n\tно даже для такой кофточки - надо умение работать и понимать как делать пройму, обработать края воротника и прочее..\n\n', '\n\tЭто не так сложно как кажется. Если получилось связать по выкройке, то обработать край ворота будет вообще не сложно. Особенно если работа делается крючком, там вообще простенько всё. проймы для пуговиц я обрабатываю оверлоком на швейной машинке, а\xa0кнопки люверсы купить не проблема, они стоят не дорого.\xa0\n', '\n\n\tТоже пристрастилась к вязанию. Только пока не в таких объемах вяжу, и очень медленно, но надеюсь, все впереди.\n\n', '\n\tи я тоже, только на машинке)))\n', '\n\n\tВот это вы молодец. Моя мечта уже давняя освоить машинку и сделать мини-ателье.\n\n', '\n\tпопробуйте тоже, успехов)))\n', '\n\tТак бы, конечно, хотела\n', '\n\n\tсейчас уже не так сложно найти машинку)))\n\n', '\n\tОх, надеюсь.\n', '\n\n\tу меня из textiletorg замечательная машинка))) и выбрала ее максимально быстро)))\n\n', '\n\tПравда?\n\tЯ как-то смотрю это как на сложный процесс.\xa0\n', '\n\n\tда как-то легко и просто все получилось)))\n\n\tа сейчас довольна очень)))\n\n', '\n\tВы просто по отзывам ориентировались?\n', '\n\n\tбольше по поиску))\n\n', '\n\n\tА как это?\n\n', '\n\n\tя фильтровала в поиске, чтобы найти нужную для себя))) нашла почти сразу))\n\n', '\n\n\tОк, попробую так посмотреть.\n\n', '\n\n\tудачи)))\n\n', '\n\tСпасибо.\n\tЯ уже поискала, есть отличные варианты.\n', '\n\n\tрада, что все получается)))\n\n', '\n\tДа, пока да.\n\tСкоро хотела бы уже заказать.\n', '\n\n\tэто отлично)))\n\n', '\n\n\tВсе, я сегодня заказала.\n\tОчень быстро получилось.\n\n', '\n\n\tмолодец))) я рада)))\n\n', '\n\tДа, благодарю.\n', '\n\n\tда не за что)))\n\n', '\n\tДаже не ожидала, идеально сложилось.\n', '\n\n\tтеперь получится и миниателье)))\n\n', '\n\tНадеюсь.\n']","['', '', '', '', '', '', '', '\n\n\t\t\tно даже для такой кофточки - надо умение работать и понимать как делать пройму, обработать края воротника и прочее..\n\t\t\n', '', '\n\n\t\t\tТоже пристрастилась к вязанию. Только пока не в таких объемах вяжу, и очень медленно, но надеюсь, все впереди.\n\t\t\n', '', '\n\n\t\t\tВот это вы молодец. Моя мечта уже давняя освоить машинку и сделать мини-ателье.\n\t\t\n', '\n\n\t\t\tпопробуйте тоже, успехов)))\n\t\t\n', '', '\n\n\t\t\tсейчас уже не так сложно найти машинку)))\n\t\t\n', '', '\n\n\t\t\tу меня из textiletorg замечательная машинка))) и выбрала ее максимально быстро)))\n\t\t\n', '', '\n\n\t\t\tда как-то легко и просто все получилось)))\n\t\t\n\n\t\t\tа сейчас довольна очень)))\n\t\t\n', '', '', '', '', '', '\n\n\t\t\tудачи)))\n\t\t\n', '', '\n\n\t\t\tрада, что все получается)))\n\t\t\n', '', '', '', '\n\n\t\t\tмолодец))) я рада)))\n\t\t\n', '', '\n\n\t\t\tда не за что)))\n\t\t\n', '', '\n\n\t\t\tтеперь получится и миниателье)))\n\t\t\n']","['Art&Hobbies', 'Art&Hobbies', 'Art&Hobbies', 'Art&Hobbies', 'Art&Hobbies', 'Art&Hobbies', 'Art&Hobbies', 'Art&Hobbies', 'Art&Hobbies', 'Art&Hobbies', 'Art&Hobbies', 'Art&Hobbies', 'Art&Hobbies', 'Art&Hobbies', 'Art&Hobbies', 'Art&Hobbies', 'Art&Hobbies', 'Art&Hobbies', 'Art&Hobbies', 'Art&Hobbies', 'Art&Hobbies', 'Art&Hobbies', 'Art&Hobbies', 'Art&Hobbies', 'Art&Hobbies', 'Art&Hobbies', 'Art&Hobbies', 'Art&Hobbies', 'Art&Hobbies', 'Art&Hobbies', 'Art&Hobbies', 'Art&Hobbies', 'Art&Hobbies', 'Art&Hobbies', 'Art&Hobbies']"
"['\nlada_grom', '\nResha90', '\nlada_grom', '\nResha90', '\nlada_grom', '\nppolik', '\nЖеня Петрова', '\nКюшечкаН']","['\nОпубликовано: 5 дек 2018\n', '\nОпубликовано: 5 дек 2018\n', '\nОпубликовано: 5 дек 2018\n', '\nОпубликовано: 5 дек 2018\n', '\nОпубликовано: 5 дек 2018\n', '\nОпубликовано: 21 янв 2019\n', '\nОпубликовано: 12 мар 2019\n', '\nОпубликовано: 5 апр 2019\n']","['\n\tжелаю успехов)))\n', '\n\tСпасибо, очень приятно и ценно.\n', '\n\tа если еще и бизнес, так вообще)))\n', '\n\n\tДа, это просто мечта.\n\n', '\n\n\tсбывается)))\n\n', '\n\n\tмало вяжу нет времени\n\n', '\n\n\tЯ как раз подумываю связать себе маленькое черное платье крючком, но никак не могу определиться с узором. Хотелось бы начать в ближайшее время, что к концу весны закончить. А то уж очень я медленно вяжу крючком.\n\tСпицами у меня намного быстрее получается.\n\n', '\n\n\tраньше часто вязала, любила это дело. Почему то сейчас нет времени для этого.\n\n']","['\n\n\t\t\tНадеюсь.\n\t\t\n', '\n\n\t\t\tжелаю успехов)))\n\t\t\n', '\n\n\t\t\tСпасибо, очень приятно и ценно.\n\t\t\n', '', '', '', '', '']","['Art&Hobbies', 'Art&Hobbies', 'Art&Hobbies', 'Art&Hobbies', 'Art&Hobbies', 'Art&Hobbies', 'Art&Hobbies', 'Art&Hobbies']"
"['\nГость', '\nwomantalks.ru', '\nCocoNatka', '\nГость', '\nCocoNatka', '\nГость', '\nwomantalks.ru', '\nvdowencko', '\nГость', '\nppolik', '\nГость']","['\nОпубликовано: 5 ноя 2017\n\t\t\t\n\t\t\t\t(изменено)\n\t\t\t\n\t\t\t\n\t\t\t\n\t\t', '\nОпубликовано: 5 ноя 2017\n', '\nОпубликовано: 5 ноя 2017\n', '\nОпубликовано: 5 ноя 2017\n', '\nОпубликовано: 5 ноя 2017\n', '\nОпубликовано: 7 ноя 2017\n', '\nОпубликовано: 7 ноя 2017\n', '\nОпубликовано: 21 дек 2017\n', '\nОпубликовано: 21 ноя 2018\n', '\nОпубликовано: 21 янв 2019\n', '\nОпубликовано: 19 мар 2019\n']","['\n\r\n\tНаверно у каждой девушки, ну или почти у каждой девушки есть какое-то хобби, будь то вязание, вышивка, декупаж…..\r\n\tА мое любимое хобби, скорее теперь даже и не хобби, а любимое дело – это скрапбукинг.\r\n\tА вот как все начиналось.…Со школьных лет, как я себя помню, я очень любила что-то делать руками: вырезать, клеить, ну и все в таком духе.\r\n\tВремя шло, я выросла, вышла замуж и родила сынулю. И вот сидя в декрете в одном из журналов я случайна, наткнулась на статью про скрапбукинг, меня это очень заинтересовало.\r\n\tЭто был 2007 год, скрапбукинг в России был еще не так распространен, материалов для него купить было сложно, да и мастер классы почти все были на английском языке. Ну, все таки кое-что я нашла и начала изучать.\r\n\tКак сейчас помню свою первую закупку материалов, в моем городе, тогда как раз открылся магазин \xa0для творчества.\xa0 Хотелось скупить все, казалось, что все нужно.\r\n\tЭто сейчас, когда уже делаешь покупки, четко понимаешь, что пригодится в первую очередь, а что нет, хотя иногда трудно устоять перед \xa0всей этой красотой и даешь себе маленькую слабину, ну только иногда.\r\n\tИ вот недолго думая, я начала «творить».\r\n\tЯ решила сразу делать альбом на кольцах, даже не знаю, почему не выбрала открытку, ну не зря есть такое выражение, что некоторые люди \xa0легких путей не ищут, вот я из таких).\r\n\tОх и долго же я над этим альбомчикам пыхтела, и вот он был готов.\r\n\tНа тот момент мне казалось, что это просто шедевр.\r\n\tКонечно сейчас, спустя годы, я смотрю и вижу, что он далек от совершенства, но все равно он мой любимчик, так как он - \xa0это мое начало, первый шаг в большой и увлекательный мир скрапбукинга....\r\n\nМой сайт - scrap44.ru\n\r\n\tА вот несколько моих последних\xa0работ :\r\n\n\r\n\t\xa0\r\n\n\n\n\n\n\n\n\n\n\n\nИзменено 5 ноя 2017 пользователем Tanya_84\n\n', '\n\n\tДобро пожаловать на форум!\xa0Татьяна, у вас отличные работы!\xa0\xa0Это как хобби или на продажу делаете?\n\n', '\n\n\tОчень красиво! У меня терпения не хватает на такие вещи. Ни вязать, ни шить - ничего, только книги...\n\n', '\n\tСпасибо! А я наоборот, на чтение книг совсем нет времени, только скраплю. Но читать конечно тоже люблю, ох и почему в сутках не 48 часов...\n', '\n\tНе столько чтение, сколько писанина. Только и на нее времени совсем не остается...\n', '\n\n\tКстати, кого заинтересуют\xa0мои работы то сделаю на заказ - фотоальбомы (детские, свадебные, путешествия), бэбибуки , коробочки мамины сокровища для хранения детских вещичек первый зубик, локон и т.д.!\n\n\n\tЕсли вам нужен интересный и необычный подарок для себя, друзей или близких, то вещь ручной работы это то что надо. Они эксклюзивны\xa0и\xa0индивидуальны, а это очень ценится в наше время и , несомненно,\xa0вызывут восторг. Ведь прежде всего они подчеркнут ваше теплое отношение к человеку, которому вы дарите такой подарок.\n\tТакие подарки можно дарить на дни рождения, выписки из роддома, крещение малышей, свадьбы, юбилеи и другие праздники.\n\n\n\tПишите в личку или\xa0здесь в теме или на сайте моем, найдете\xa0все контакты.\n\n\n\tОтсылаю по почте по России, красивая упаковка гарантирована.\n\n', '\n\n\tТатьяна, ссылки на сайты запрещены, разместите у себя в подписи информацию и контакты (соц. сети можно).\xa0Выкладывайте еще свои работы, общаясь на форуме, вы может так найти себе клиентов. Мы будем только рады!\n\n', '\n\n\tЧто бы продавать такие изделия, конечно нужно добиться безупречной работы. Я сама увлекалась этим, даже на портале\xa0\xa0заказывала с другими девушками, выкройки редких вещей. Но увы, у меня не получалось аккуратно. А ваши работы очень даже ничего, дерзайте.\xa0\n\n', '\n\n\tА я продолжаю совершенствоваться и вот мои последние работы с объемными страницами\xa0\n\n\n\n\n\n\n\n\t\xa0\n\n\n\n\n\n\n\n\tВ данный момент осваиваю крутяцкие 3D\xa0открытки на Новый год. Думаю будет нереально красиво )\n\n', '\n\n\tкрасота\n\n', '\n\n\tНедавно попробовала сделать альбомчик\xa0из замши,\xa0 он получился\xa0приятный\xa0и мягкий\xa0на ощупь. А также с тиснением в виде сердечка и пяточек и надписью на обложке с применением термотрансферной пленки. Внутри сделала печатные листы и вот что получилось. Ещё внутри вклеила конвертик для памятных мелочей малыша. Кстати, этот альбомчик в наличие, если кому надо обращайтесь могу сделать и похожий с другими надписями, другим цветом обложки!\xa0\xa0\xa0\n\n\n\n\n\n\n\n\n\n\n\n\t\xa0\n\n']","['', '', '', '\n\n\t\t\tДобро пожаловать на форум!\xa0Татьяна, у вас отличные работы!\xa0\xa0Это как хобби или на продажу делаете?\n\t\t\n', '\n\n\t\t\tСпасибо! И на продажу тоже делаю. Каждый день стараюсь делать шаги в развитии своего творчества: изучаю мк, занимаюсь рекламой, ищу клиентов., одновременно все делать конечно очень тяжело, но стараюсь идти к цели. Муж меня в этом поддерживает и это мне еще больше придает сил.\n\t\t\n', '', '', '', '', '', '']","['Art&Hobbies', 'Art&Hobbies', 'Art&Hobbies', 'Art&Hobbies', 'Art&Hobbies', 'Art&Hobbies', 'Art&Hobbies', 'Art&Hobbies', 'Art&Hobbies', 'Art&Hobbies', 'Art&Hobbies']"
"['\nОктава', '\nВероника Филатова']","['\nОпубликовано: 24 фев 2019\n', '\nОпубликовано: 24 фев 2019\n']","['\n\n\tХочу приобщиться к культуре китайского чая и чайных церемоний, с чего начать? Где можно найти хороший чай, какие аксессуары нужны для заварки и тд? Спасибо!\n\n', '\n\tПо самой церемонии не помогу, тут смотрите ютую, читайте статьи, много написано, но у каждого своё видение. А по чаю - можете смело заказывать в интернет-магазине золотой жук, достаточно хороший магазин, чай качественный, цены и доставка ок. Можно, кстати, с ними и посоветоваться, думаю не откажут, меня вот очень хорошо проконсультировали по пуэру\n']","['', '\n\n\t\t\tХочу приобщиться к культуре китайского чая и чайных церемоний, с чего начать? Где можно найти хороший чай, какие аксессуары нужны для заварки и тд? Спасибо!\n\t\t\n']","['Art&Hobbies', 'Art&Hobbies']"
"['\nАлиса', '\nHanna', '\nXuos', '\nXyhuvupu', '\nalyoshinana', '\nelissabeth', '\nalyoshinana', '\nelissabeth', '\nalyoshinana', '\nelissabeth', '\nalyoshinana', '\nelissabeth', '\nalyoshinana', '\nelissabeth', '\nalyoshinana', '\nelissabeth', '\nalyoshinana', '\nelissabeth', '\nalyoshinana', '\nelissabeth', '\nalyoshinana', '\nelissabeth', '\nalyoshinana', '\nYounder', '\nelissabeth', '\nalyoshinana', '\nelissabeth', '\nalyoshinana', '\nelissabeth', '\nalyoshinana', '\nelissabeth', '\nalyoshinana', '\nelissabeth', '\nalyoshinana', '\nelissabeth']","['\nОпубликовано: 2 фев 2016\n', '\nОпубликовано: 2 фев 2016\n', '\nОпубликовано: 5 июл 2016\n', '\nОпубликовано: 12 июл 2016\n', '\nОпубликовано: 28 дек 2018\n', '\nОпубликовано: 28 дек 2018\n', '\nОпубликовано: 28 дек 2018\n', '\nОпубликовано: 28 дек 2018\n', '\nОпубликовано: 28 дек 2018\n', '\nОпубликовано: 28 дек 2018\n', '\nОпубликовано: 28 дек 2018\n', '\nОпубликовано: 28 дек 2018\n', '\nОпубликовано: 29 дек 2018\n', '\nОпубликовано: 29 дек 2018\n', '\nОпубликовано: 29 дек 2018\n', '\nОпубликовано: 29 дек 2018\n', '\nОпубликовано: 29 дек 2018\n', '\nОпубликовано: 29 дек 2018\n', '\nОпубликовано: 29 дек 2018\n', '\nОпубликовано: 29 дек 2018\n', '\nОпубликовано: 9 янв 2019\n', '\nОпубликовано: 9 янв 2019\n', '\nОпубликовано: 9 янв 2019\n', '\nОпубликовано: 9 янв 2019\n', '\nОпубликовано: 9 янв 2019\n', '\nОпубликовано: 9 янв 2019\n', '\nОпубликовано: 9 янв 2019\n', '\nОпубликовано: 9 янв 2019\n', '\nОпубликовано: 10 янв 2019\n', '\nОпубликовано: 10 янв 2019\n', '\nОпубликовано: 10 янв 2019\n', '\nОпубликовано: 10 янв 2019\n', '\nОпубликовано: 14 янв 2019\n', '\nОпубликовано: 14 янв 2019\n', '\nОпубликовано: 14 янв 2019\n']","['\n\n\tКто-нибудь покупал набор для алмазной вышивки? Расскажите, насколько трудно без опыта ее сделать? Я так понимаю там маленькие бусинки надо приклеивать к основе подбирая по схеме или я что-то путаю?\n\n', '\n\n\tЯ покупала. Ничего сложного в принципе нет, но дело очень муторное и требует большого терпения. Мне было сложновато подобрать бисеринки нужных оттенков, цвета так похожи.\n\n', '\nя о такой не слышала. Надо попробывать. Еще один пунктик в хобби)0\n', '\n\n\tувлекалась бисерной вышивкой и украшениями - из паеток и прочим. А вот о алмазной - первый раз слышу..\n\n', '\n\n\tЯ тоже только бисерной занималась. Интересно об алмазной)\n\n', '\n\n\tкакой-то загадочный вид вышивки...\n\n', '\n\n\tХахахах)\n\n\tНу точно)\n\n', '\n\n\tпрогуглю-ка на досуге\n\n', '\n\n\tИ я)\n\n\tСейчас я вообще стала вышивать на машине)\n\n', '\n\n\tкак классно...\n\n', '\n\n\tСама очень рада)\n\n', '\n\n\tеще бы...\n\n\tтоже хочу!\n\n', '\n\n\tВсе реализуемо)\n\n\tИ нет ничего невозможного)\n\n', '\n\n\tнаверное!\n\n', '\n\n\tЯ машинке радуюсь уже месяцев 5, радости, по ходу, нет предела)\n\n\tХочу все больше дизайнов попробовать)\n\n', '\n\n\tвсе так, но без понятия, с чего начать, если честно...\n\n', '\n\n\tМашинку не так сложно выбрать)\n\n', '\n\n\tчто бы вы посоветовали?\n\n', '\n\n\tПросто прийти в магазин) Я вот в Текстильторге покупала)\n\n\tТам подскажут всегда)\n\n', '\n\n\tладно, спасибо вам\n\n', '\n\n\tПожалуйста, вы потом напишите)\n\n', '\n\n\tпока еще не успела зайти!\n\n\tно завтра-послезавтра...хочу своими глазами на все товары посмотреть\n\n', '\n\n\tЭто хорошо)\n\n', '\n\n\tАлмазная вышивка - это не совсем вышивка, скорее просто аппликация блестящими стразами) Если немного приноровиться- очень даже легко, цвета все в отдельных пакетиках со своими номерами, высыпаешь на плошку немного нужного, чтобы не смешивались\n\n', '\n\tага, потрогать хотя бы корпус, какой пластик там\n', '\n\n\tЕсли захотите, включат при вас, чтобы проверили в работе)\n\n', '\n\n\tэтому была бы рада\n\n\tдумаю, тогда даже несколько раз приду\n\n\tсначала потестировать, потом купить!\n\n', '\n\n\tДа, я тоже приходила несколько раз)\n\n', '\n\n\tтакой же план у меня\n\n\tеду уже завтра\n\n', '\n\n\tУдачи вам) Отличного и продуктивного визита)\n\n', '\n\n\tспасибо большое\n\n', '\n\n\tПожалуйста)\xa0\n\n', '\n\n\tтак и получилось - продуктивный визит\n\n', '\n\n\tПравда?)\n\n', '\n\n\tда, приехала посмотреть машину один раз, на второй уже забрала домой\n\n']","['', '', '', '', '', '', '', '', '', '', '', '', '', '', '', '', '', '', '', '', '', '', '', '', '\n\n\t\t\tЭто хорошо)\n\t\t\n', '', '', '', '', '', '', '', '', '', '']","['Art&Hobbies', 'Art&Hobbies', 'Art&Hobbies', 'Art&Hobbies', 'Art&Hobbies', 'Art&Hobbies', 'Art&Hobbies', 'Art&Hobbies', 'Art&Hobbies', 'Art&Hobbies', 'Art&Hobbies', 'Art&Hobbies', 'Art&Hobbies', 'Art&Hobbies', 'Art&Hobbies', 'Art&Hobbies', 'Art&Hobbies', 'Art&Hobbies', 'Art&Hobbies', 'Art&Hobbies', 'Art&Hobbies', 'Art&Hobbies', 'Art&Hobbies', 'Art&Hobbies', 'Art&Hobbies', 'Art&Hobbies', 'Art&Hobbies', 'Art&Hobbies', 'Art&Hobbies', 'Art&Hobbies', 'Art&Hobbies', 'Art&Hobbies', 'Art&Hobbies', 'Art&Hobbies', 'Art&Hobbies']"
"['\nalyoshinana', '\nelissabeth', '\nalyoshinana', '\ndiana_dia8', '\nalyoshinana', '\ndiana_dia8', '\nalyoshinana', '\ndiana_dia8', '\nalyoshinana', '\ndiana_dia8']","['\nОпубликовано: 14 янв 2019\n', '\nОпубликовано: 14 янв 2019\n', '\nОпубликовано: 14 янв 2019\n', '\nОпубликовано: 8 фев 2019\n', '\nОпубликовано: 8 фев 2019\n', '\nОпубликовано: 8 фев 2019\n', '\nОпубликовано: 8 фев 2019\n', '\nОпубликовано: 11 фев 2019\n', '\nОпубликовано: 11 фев 2019\n', '\nОпубликовано: 11 фев 2019\n']","['\n\n\tНу это потрясающие новости)\n\n\tЯ поздравляю)\n\n', '\n\n\tблагодарю, искренне большое спасибо\n\n\tподсказали очень в тему\n\n', '\n\n\tПожалуйста)\n\n', '\n\n\tпривет всем))) почитала тут, тоже обладательница вышивалки))) счастливая))\n\n', '\n\tПривет, поздравляю) Мы все счастливые)\n', '\n\tага))) и у\xa0меня тоже текстильторг, теперь смотрю швейную машину)))\n', '\n\n\tЭто замечательно)\n\n\tТакой же вам удачной покупки)\n\n', '\n\n\tвоу)) да будет так)))\n\n\tи чтобы в этом месяце все получилось купить)))\n\n', '\n\n\tУспехов с выбором)\n\n\tА потом в творчестве)\xa0\n\n', '\n\n\tураа)) спасибо)))\n\n\tи всего тогоже самого вам)))\n\n']","['', '', '', '', '\n\n\t\t\tпривет всем))) почитала тут, тоже обладательница вышивалки))) счастливая))\n\t\t\n', '\n\n\t\t\tПривет, поздравляю) Мы все счастливые)\n\t\t\n', '', '', '', '']","['Art&Hobbies', 'Art&Hobbies', 'Art&Hobbies', 'Art&Hobbies', 'Art&Hobbies', 'Art&Hobbies', 'Art&Hobbies', 'Art&Hobbies', 'Art&Hobbies', 'Art&Hobbies']"
"['\nIriwka', '\nБуся', '\nМиленькая)', '\nФиона', '\nГалинаГолубева', '\nЛюбимка', '\nКиана', '\nBizzara', '\nXuos', '\nXyhuvupu', '\nAnastasia', '\nСапфировая', '\nlina.l', '\nМирная-зефирная', '\nMandarinka', '\nDollypupsa', '\nhitrec322', '\nppolik', '\nHericussa']","['\nОпубликовано: 6 фев 2016\n', '\nОпубликовано: 6 фев 2016\n', '\nОпубликовано: 28 мар 2016\n', '\nОпубликовано: 2 апр 2016\n', '\nОпубликовано: 25 апр 2016\n', '\nОпубликовано: 10 май 2016\n', '\nОпубликовано: 19 май 2016\n', '\nОпубликовано: 26 июн 2016\n', '\nОпубликовано: 5 июл 2016\n', '\nОпубликовано: 12 июл 2016\n', '\nОпубликовано: 31 июл 2016\n', '\nОпубликовано: 22 авг 2016\n', '\nОпубликовано: 22 авг 2016\n', '\nОпубликовано: 23 янв 2017\n', '\nОпубликовано: 15 июл 2017\n', '\nОпубликовано: 26 авг 2017\n', '\nОпубликовано: 26 мар 2018\n', '\nОпубликовано: 21 янв 2019\n', '\nОпубликовано: 24 янв 2019\n']","['\n\n\tКто-то фотографирует для себя, кто-то же для того, чтобы можно было похвастаться перед друзьями. Но можно ли считать фотографию хобби, если почти каждый ныне делает селфи и выкладывает в инстаграм? Это больше похоже на стиль жизни нашего общества.\n\n', '\n\n\tВот как раз в случае хобби фотографируют как раз больше для себя: людям нравится сам процесс фотографирования и результат, но при этом они не охотятся за каким-то лайками в социальных сетях.\n\n', '\n\n\tНе... селфи - это себялюбие, а не хобби. У меня куча таких знакомых, которые обожают сами себя любимых. Фоткаются в разных позах, которые уже все равно однообразны из-за количества фоток и выкладывают и выкладывают себя в инстаграмм.\xa0\n\n', '\n\n\tНет, такой вид фотографии мне не по душе- для меня это не искусство. Предпочитаю делать более менее профессиональные фото, а так же фотографировать дома, пейзажи.\n\n', '\n\n\tА ведь фотографию нельзя назвать просто хобби. Это же нужно иметь талант, желание и умение, которое тоже приобретается с опытом. Разве не так? Я не думаю, что это можно недооценивать.\xa0\n\n', '\n\n\tКачественная фотография - это работа, а не хобби. Я не люблю фотографироваться и не особенно люблю фотографировать. Наверное это просто не мое.\xa0\n\n', '\n\n\tМожно если вы не делает фото на телефон. А постоянно улучшаете свои фото и мастерство, покупаете программы для обработки фото, а так же аппаратуру.\xa0\n\n', '\n\n\tЭто самое дебильное, делать селфи и выкладывать в инстраграмм. Признак полоумия.\n\n', '\nя селфи - вообще не понимаю. Не люблю чтобы кто-то лез в мою жизнь, и сама не лезу в чужую. А вот проф. фотографирование - это искусство. А вот интерессно - есть курсы или тренинги по фотографированию??\n', '\n\n\tя никогда не выкладывала ничего в сети и не собираюсь... Не приемлю этого по личным соображением. И проф. фото - это не считаю.\n\n', '\n\n\tПочему бы и нет, если фото стало таким доступным еще не значит что оно потеряло свою ценность, хорошие снимки по прежнему делают очень не многие\n\n', '\n\n\tЯ пыталась заниматься фотографией, но быстро потеряла интерес. Моделью быть покруче.\n\n', '\n\n\tмне очень нравилось( но уронила и разбила зеркалку, а новую никак не купим\n\n', '\n\n\tСтала очень часто заказывать фотосессии, в смысле чтобы меня фотографировали. Реально подсела на это дело. Я очень не фотогеничная вообще по жизни, а так хоть есть, что выбрать. Фотографов беру недорогих, так как честно особой разницы не вижу. Конечно, перед этим смотрю работы человека.\xa0\n\n', '\n\n\tобычно самые миловидные девушки и стесняются фотографироваться, зато шаблонные ""красотки"" с тонной макияжа сорят своими фотографиями где только можно)\xa0\n\n', '\n\n\tПравильное селфи - без одежды, но в инстаграмм не выложишь. О, идея для стартапа: открыть ""инстаграмм"" для ""ню"" и зарабатывать на средствах для мужской потенции. Должно заработать.\n\n', '\n\n\tможно ли вообще это называть хобби хммм\n\n', '\n\n\tинтересно и увлекательно\n\n', '\n\n\tЗанималась когда-то\n\n']","['', '', '', '', '', '', '', '', '', '', '', '', '', '', '', '', '', '', '']","['Art&Hobbies', 'Art&Hobbies', 'Art&Hobbies', 'Art&Hobbies', 'Art&Hobbies', 'Art&Hobbies', 'Art&Hobbies', 'Art&Hobbies', 'Art&Hobbies', 'Art&Hobbies', 'Art&Hobbies', 'Art&Hobbies', 'Art&Hobbies', 'Art&Hobbies', 'Art&Hobbies', 'Art&Hobbies', 'Art&Hobbies', 'Art&Hobbies', 'Art&Hobbies']"
"['\nFlora', '\nKleo', '\nViktorianka', '\nГугусик', '\nVikasun', '\nСапфировая', '\nlina.l', '\nPOSKAL', '\nppolik']","['\nОпубликовано: 4 фев 2016\n', '\nОпубликовано: 4 фев 2016\n', '\nОпубликовано: 4 фев 2016\n', '\nОпубликовано: 15 июл 2016\n', '\nОпубликовано: 15 июл 2016\n', '\nОпубликовано: 22 авг 2016\n', '\nОпубликовано: 22 авг 2016\n', '\nОпубликовано: 5 дек 2016\n', '\nОпубликовано: 21 янв 2019\n']","['\n\n\tЯ увлеклась декупажем. Преобразилась уже баночки для сыпучих, корзину для белья, коробку для игрушек. В следующих планах кухонные шкафчики. А как вы относитесь к такому творчеству? Хотели бы вы что-то дома преобразить?\n\n', '\n\n\tИнтересное хобби\n\n', '\n\n\tХобби действительно прикольное. Можно много чего интересного понавыпридумывать. Я пробовала только шкатулку украсить таким методом, хочу ещё конфетницу, вазу для фруктов и спецовницы сделать в одном стиле, чтобы на столе гармонично смотрелись.\n\n', '\n\n\tЛюблю руками делать всякие разные штучки для дома. Например, вот сделала себе баночку в ванной под всякие карандаши, кисточки. Но декупаж ещё не пробовала. Автор, похвастайтесь поделками.\n\n\n', '\n\n\tДекупаж - отличная штука. Я вот собираюсь преобразить у себя старенький комод. После декупажа окружающая действительность воспринимается совсем по другому. \n', '\n\n\tПодруга сходит с ума по этой технике.\n\n', '\n\n\tа как вы начали учиться?\n\n', '\n\n\tЯ тоже увлекаюсь декупажем. Бутылки, баночки, коробки и т.д. Очень интересно\n\n', '\n\n\tхорошее дело\n\n']","['', '', '', '', '', '', '', '', '']","['Art&Hobbies', 'Art&Hobbies', 'Art&Hobbies', 'Art&Hobbies', 'Art&Hobbies', 'Art&Hobbies', 'Art&Hobbies', 'Art&Hobbies', 'Art&Hobbies']"
"['\nИнтересная', '\nssv', '\nppolik']","['\nОпубликовано: 17 ноя 2017\n', '\nОпубликовано: 17 ноя 2017\n', '\nОпубликовано: 21 янв 2019\n']","['\n\n\tЗдравствуйте! Подскажите пожалуйста,\xa0как называется вид кожи, имеющей бархатистую лицевую поверхность? Речь идет о выделки кожи (шитье), а не о коже лица! ))\n\n', '\n\n\tЗамша\xa0— мягкая бархатистая\xa0кожа, выработанная методом\xa0жирового\xa0и\xa0формальдегидно-жирового\xa0дубления\xa0из шкур любых не очень крупных животных.\n\n\n\tВыпускается\xa0искусственная\xa0замша, которая применяется для тех же целей, что и натуральная, но уступает последней по некоторым свойствам.\n\n\n\tЗамшей также называются хлопчатобумажные и шёлковые\xa0ткани, имеющие с лицевой стороны ворс, идущие на верхнюю одежду.\n\n\n\t\xa0\n\n', '\n\n\tточно\n\n']","['', '', '']","['Art&Hobbies', 'Art&Hobbies', 'Art&Hobbies']"
"['\nAdmila', '\nsherv', '\nстар', '\nlucky.starsky', '\nМикра', '\nАфиNa', '\nбант', '\nLady', '\nAnyuta', '\nNissa', '\nDeneb', '\nAleksandria', '\nSuzanna', '\nelenavolk', '\nЯмпольская', '\nBizzara', '\nXuos', '\nVeltsa', '\nЯмпольская', '\nXyhuvupu', '\nГугусик', '\nKristina Wronska', '\nTalita', '\nГугусик', '\nГугусик', '\nTalita', '\nГугусик', '\nTalita', '\nГугусик', '\nTalita', '\nГугусик', '\nСапфировая', '\nlina.l', '\nSindy', '\nkarina.28.28']","['\nОпубликовано: 24 сен 2015\n', '\nОпубликовано: 28 сен 2015\n', '\nОпубликовано: 25 окт 2015\n', '\nОпубликовано: 29 окт 2015\n', '\nОпубликовано: 5 дек 2015\n', '\nОпубликовано: 22 янв 2016\n', '\nОпубликовано: 23 янв 2016\n', '\nОпубликовано: 5 фев 2016\n', '\nОпубликовано: 29 фев 2016\n', '\nОпубликовано: 29 фев 2016\n', '\nОпубликовано: 17 апр 2016\n', '\nОпубликовано: 27 апр 2016\n', '\nОпубликовано: 27 апр 2016\n', '\nОпубликовано: 22 май 2016\n', '\nОпубликовано: 26 июн 2016\n', '\nОпубликовано: 26 июн 2016\n', '\nОпубликовано: 5 июл 2016\n', '\nОпубликовано: 10 июл 2016\n', '\nОпубликовано: 11 июл 2016\n', '\nОпубликовано: 12 июл 2016\n', '\nОпубликовано: 15 июл 2016\n\t\t\t\n\t\t\t\t(изменено)\n\t\t\t\n\t\t\t\n\t\t\t\n\t\t', '\nОпубликовано: 15 июл 2016\n', '\nОпубликовано: 15 июл 2016\n', '\nОпубликовано: 15 июл 2016\n', '\nОпубликовано: 15 июл 2016\n', '\nОпубликовано: 17 июл 2016\n', '\nОпубликовано: 17 июл 2016\n', '\nОпубликовано: 17 июл 2016\n', '\nОпубликовано: 17 июл 2016\n', '\nОпубликовано: 17 июл 2016\n', '\nОпубликовано: 17 июл 2016\n', '\nОпубликовано: 22 авг 2016\n', '\nОпубликовано: 22 авг 2016\n', '\nОпубликовано: 29 авг 2016\n', '\nОпубликовано: 29 авг 2016\n']","['\nПривет всем.\xa0Ну что сегодня мирно предлагает достаточно большое количество увлечении. И вот в такой ситуации мне хочется обсудить важно пристрастия. Элементарно Давайте поделимся У кого какие хобби.\n', '\nПривет. Я рисую. Недавно поняла что всю жизнь мне нравилось рисовать. Вот и решила заняться этим. Решила купить товары для художников и пойти на курсы. Так и сделала и ничуть не жалею. Мне очень нравиться что со временем у меня получается все лучше и лучше)) И муж говорит что я стала гораздо спокойнее))\xa0\n', '\nне знаю можно ли это назвать хобби, но я играю на рояле. Очень люблю \xa0собирать компании для моих мини-концертов. Не сбылась моя детская мечта играть на большой сцене, но почувствовала себя настоящим музыкантом, играя на таком инструменте. Мужу постарался с подарком, знал о моём желании\n', '\nА я выращиваю цветы, вся квартира уже заставлена горшками всевозможных форм и размеров \n', '\nне знаю можно ли назвать это хобби, но я вот английским по выходным\xa0занимаюсь.\n', '\n\tя думала у меня у одной хобби играть на рояле)))\n', '\n\n\tда нас тут целая компания собралась пианистов. Я тоже очень люблю это занятие. Скоро праздник семейный, муж обещал в\xa0 салон «Рояли и Пианино» съездить, буду сама себе подарочек выбирать\n\n', '\n\n\tя иностранными языками увлекаюсь, сейчас взялась за китайский в школе Биг Бен.\n\n', '\n\n\tА я картины бисером вышиваю и комнатными цветами занимаюсь.\n\n', '\n\n\tА мне нравится заниматься оригами) Можно совмещать с просмотром фильмов)\n\n', '\n\n\tСовсем скоро можно будет открыть очередной велосезон и у меня останется одно единственное хобби, пока не начнутся осенние дожди \n', '\n\n\tОчень люблю бегать в парке и кататься на велосипеде, походы.\n\n', '\n\n\tЛюблю быть всегда красивой, а хобби у меня как таковой нет.\n\n', '\n\n\tмне нравиться рисовать\n\n', '\n\n\tПривет) Увлекаюсь все понемногу) Пишу стихи (думаю это дело забросить - шедеврами не пахнет), люблю читать. Подумываю об\xa0изучении\xa0иностранного...\n\n', '\n\n\tА я марки собираю.\n\n', '\nДевочки, не поверите. последнее время - меня на хобби стало тянуть уж очень сильно: вязание, вышивка, канзаши, английский, карты таро и мантика, хиромантия и астрология..\nа еще кулинария, дизайн комнат...и столько всего - и все хочу узнать..))\n', '\n\n\tЯ плаванием занимаюсь, но это сложно назвать хобби. Думала найти себе занятие для поднятия силы мозга, но все ленюсь попробовать хоть что-то)\n\n', '\n\tА не хотите попробовать иностранный учить? Я вот недавно для себя английский открыла)\n', '\n\n\tпервый раз слышу, что сериалы это хоббии))\n\n\n\tя хочу свой дом - поэтому мое хобби - искать возможные варианты ремонта и прочего. создавать себе зарисовки всего..))\n\n', '\n\n\tА я увлекаюсь переделкой фоток  Однажды захотелось подарок для подруги разбавить чем-то не банальным, стала копаться в теме, искать удобную программу. В результате получилось увлечение.\n\tОбрабатываю в Photoshop или в Домашней Фотостудии.\n\tВот, хвастаюсь\n\tЭто сделано в фотошопе\n\tА это в Домашней фотостудии\n\n\n\n\n\nИзменено 15 июл 2016 пользователем Гугусик\n\n', '\n\n\tЯ занимаюсь фотографией - фотосессии и обработка в фотошопе\n\n', '\n\n\tА сейчас так жарко, что не хочется ни хобби, ничего. Просто отдыхать и ездить к речке.\xa0\n\n', '\n\tХвастайтесь ', '\n\t\xa0это моё любимое мороженое ', '\n\n\tНу как, посмотрим, что за программка. Может это станет еще одним хобби.\xa0\n\n', '\n\tПопробуйте, мне понравилось. Фотошоп более серьезная программа, конечно, но она дорогая или надо искать взломанную версию.\n\tВ домашней фотостудии есть прикольная функция - создание календарей. Можно радовать близких, которые любят на стену вешать календарь.\n', '\n\n\tЕсть у меня любительница. Сестра у меня любит...с собаками календари вешать. У нее еще и собачка есть, можно сделать ведь и с ней фотошоп.\xa0\n\n', '', '\n\n\tКрасиво. А фон мне как нравится. Это же мой любимый цвет\xa0\n', '\n\tНадо же, как совпало ', '\n\n\tСобираем монетки.\n\n', '\n\n\tкстати тоже фотошоп люблю) иногда подрабатываю на ретуши еще\n\n', '\n\n\tя увлекаюсь вязанием, к сожалению сейчас встречаю мало людей, которые этим же увлекаются..!\n\n', '\n\n\tУ меня не хватает времени на хобби не на какие, по этому мое хобби исключительно работа..((\xa0\n\n']","['', '', '', '', '', '\n\n\t\t\tне знаю можно ли это назвать хобби, но я играю на рояле. Очень люблю \xa0собирать компании для моих мини-концертов. Не сбылась моя детская мечта играть на большой сцене, но почувствовала себя настоящим музыкантом, играя на таком инструменте. Мужу постарался с подарком, знал о моём желании\n\t\t\n', '', '', '', '', '', '', '', '', '', '', '', '', '\n\n\t\t\tЯ плаванием занимаюсь, но это сложно назвать хобби. Думала найти себе занятие для поднятия силы мозга, но все ленюсь попробовать хоть что-то)\n\t\t\n', '', '', '', '', '\n\n\t\t\tА сейчас так жарко, что не хочется ни хобби, ничего. Просто отдыхать и ездить к речке.\xa0\n\t\t\n', '\n\n\t\t\tВот!!!! Мое хобби сейчас есть мороженое. Сегодня было плодово-ягодное.! Завтра выберу другое, но чтоб похолоднее))\n\t\t\n', '', '\n\n\t\t\tНу как, посмотрим, что за программка. Может это станет еще одним хобби.\xa0\n\t\t\n', '', '\n\n\t\t\tЕсть у меня любительница. Сестра у меня любит...с собаками календари вешать. У нее еще и собачка есть, можно сделать ведь и с ней фотошоп.\xa0\n\t\t\n', '', '\n\n\t\t\tКрасиво. А фон мне как нравится. Это же мой любимый цвет\xa0\n', '', '', '', '']","['Art&Hobbies', 'Art&Hobbies', 'Art&Hobbies', 'Art&Hobbies', 'Art&Hobbies', 'Art&Hobbies', 'Art&Hobbies', 'Art&Hobbies', 'Art&Hobbies', 'Art&Hobbies', 'Art&Hobbies', 'Art&Hobbies', 'Art&Hobbies', 'Art&Hobbies', 'Art&Hobbies', 'Art&Hobbies', 'Art&Hobbies', 'Art&Hobbies', 'Art&Hobbies', 'Art&Hobbies', 'Art&Hobbies', 'Art&Hobbies', 'Art&Hobbies', 'Art&Hobbies', 'Art&Hobbies', 'Art&Hobbies', 'Art&Hobbies', 'Art&Hobbies', 'Art&Hobbies', 'Art&Hobbies', 'Art&Hobbies', 'Art&Hobbies', 'Art&Hobbies', 'Art&Hobbies', 'Art&Hobbies']"
"['\nshanya', '\nelza', '\nОксана', '\nIrina_stavropoleva', '\nTigre-nok', '\nzumbaaa', '\nЖюли', '\nСаша97', '\nNellin', '\nAleka', '\nXuos', '\nForarriOlla', '\nkristina air', '\nГость', '\nAugustina', '\nPumba', '\nvdowencko', '\nTinaya', '\nyuli4ka', '\nsvetochka.maksi', '\nRealmccoy', '\nLapochka', '\ninga_$18', '\nppolik']","['\nОпубликовано: 10 ноя 2016\n', '\nОпубликовано: 27 дек 2016\n', '\nОпубликовано: 27 дек 2016\n', '\nОпубликовано: 27 дек 2016\n', '\nОпубликовано: 18 янв 2017\n', '\nОпубликовано: 18 янв 2017\n', '\nОпубликовано: 18 янв 2017\n', '\nОпубликовано: 26 янв 2017\n', '\nОпубликовано: 26 янв 2017\n', '\nОпубликовано: 27 янв 2017\n', '\nОпубликовано: 27 янв 2017\n', '\nОпубликовано: 22 июн 2017\n', '\nОпубликовано: 26 июн 2017\n', '\nОпубликовано: 27 июн 2017\n', '\nОпубликовано: 27 июн 2017\n', '\nОпубликовано: 27 июн 2017\n', '\nОпубликовано: 2 авг 2017\n', '\nОпубликовано: 13 авг 2017\n', '\nОпубликовано: 13 авг 2017\n', '\nОпубликовано: 20 окт 2017\n', '\nОпубликовано: 6 май 2018\n', '\nОпубликовано: 6 май 2018\n', '\nОпубликовано: 12 ноя 2018\n', '\nОпубликовано: 21 янв 2019\n']","['\n\n\tЯ рублюсь в компьютерные игры онлайн.)\n\n', '\n\n\tВязать люблю спицами и крючком.\n\n\n\t\xa0\n\n', '\n\n\tЯ до сих пор смотрю мультики)) Аниме люблю, я прям отдыхаю под них\n\n', '\n\tВам просто 18 лет наверное))))\n', '\n\n\tЯ не знаю, хобби это или нет, но с детства очень люблю читать.\n\n', '\n\n\tФутбол, хоккей, путешествия, книги, саморазвитие и моя работа то же мое хобби)\n\n', '\n\n\tС возрастом увлечения меняются точно. Никогда не увлекалась цветоводством (комнатным и садовым), а как появилась семья стало любимым делом)\n\n', '\n\n\tЯ фильмы смотрю,спортом занимаюсь\n\n', '\n\n\tА я люблю книжки читать. получше всяких мультиков будет\n\n\tА я вот люблю книги читать.Увлекательнее всяких мультиков\n\n', '\n\n\tкак это вообще сравнивать можно? я люблю и мультики смотреть и книжки читать, по моему это две разные вещи.\xa0\n\n', '\n\tс чего вдруг такие суждения? По -вашему если проснулось желание развивать себя творчески и энергетически, то надо быть только малолеткой??', '\n\n\tЯ всегда что то своими руками делаю, все таки\xa0самое лучшее что можно придумать \xa0- это смастерить что-то самому. Мне тут попалась недавно интересная схема на вышивку, хочу сделать маме подарок к дню рождения, вышить для неё красивую икону. Она у меня очень любит такие вещи, и наверняка оценит мои усилия. Главное, чтобы у меня всё получилось.\n\n', '\n\n\tА я занимаюсь воздушными полотнами\xa0\xa0Кто со мной?\n\n', '\n\n\tХороший подарок\n\n', '\n\n\tЯ люблю тоже читать конечно же)) книги на английском сейчас читаю) начала с Форест Гампа\n\n\n\tхочу все из списка освоить)\n\n', '\n\n\tЛюблю хендмейд! Занималась скрапбукингом долгое время, из пластики лепила.\n\n', '\n\n\tВ последнее время стала заниматься волосами людей=) Звучит странно??? Осваиваю азы парикмахерского искусства. Стрижки, прически..\xa0\n\n', '\n\n\tУ меня очень много есть хобби, особенно в последнее время. занялась алмазной вышивкой - красотища получается. Люблю кулинарию, чтение книг, спорт.. На рыбалку с мужем люблю ездить.. и еще очень много чего)\n\n', '\n\n\tБезумно люблю оригами\n', '\n\n\tЯ люблю готовить. Целыми днями провожу на кухне и постепенно это так понравилось, что превратилось в хобби. Теперь люблю экспериментировать и создавать новые блюда. Ощущаю себя в роли творца чего-то прекрасного.\n\n\n\tА у моего любимого хобби - коллекционирование. Для меня это удобно тем, что всегда знаешь что подарить Если у кого-то есть такое же пристрастие, могу посоветовать удобный магазинчик. Детей тоже подсадил на это занятие, теперь почти на каждый праздник покупаем что-то для коллекции (у каждого своя).\n\n', '\n\n\tУ меня хобби - ставки на футбол\n\n', '\n\tКроме удачи и надёжной букмекерской конторы для успешных ставок ещё важна стратегия и точные прогнозы. Желательно с хорошей проходимостью. Прежде чем ставить рекомендую почитать специализированные форумы, сайты о ставках с описанием стратегий, советами новичкам и т.д. Там самые свежие новости футбола, результаты и обзоры матчей с видео, футбольные прогнозы, турнирные таблицы, статистика, в общем всё то, что может пригодится при выборе ставки.\n', '\n\n\tЕсли считать спорт хобби, то моё увлечение - это баскетбол, согласитесь довольно нестандартное увлечение для девушки) А есть ли ещё баскетболистки?\n\n', '\n\n\tцветы люблю разводить\n\n']","['', '', '', '\n\n\t\t\tДевочки, не поверите. последнее время - меня на хобби стало тянуть уж очень сильно: вязание, вышивка, канзаши, английский, карты таро и мантика, хиромантия и астрология..\n\t\t\tа еще кулинария, дизайн комнат...и столько всего - и все хочу узнать..))\n\t\t\n', '', '', '', '', '', '', '\n\n\t\t\tВам просто 18 лет наверное))))\n\t\t\n', '', '', '', '', '', '', '', '', '', '', '\n\n\t\t\tЯ сейчас увлеклась ставочками на спорт. У меня друзья делают ставки - кто-то в плюсе, кто-то последние заначки тратит)) Я думаю, тут многое зависит от удачи и хорошего букмекера. Но в любом случае - очень затягивает.\n\t\t\n', '', '']","['Art&Hobbies', 'Art&Hobbies', 'Art&Hobbies', 'Art&Hobbies', 'Art&Hobbies', 'Art&Hobbies', 'Art&Hobbies', 'Art&Hobbies', 'Art&Hobbies', 'Art&Hobbies', 'Art&Hobbies', 'Art&Hobbies', 'Art&Hobbies', 'Art&Hobbies', 'Art&Hobbies', 'Art&Hobbies', 'Art&Hobbies', 'Art&Hobbies', 'Art&Hobbies', 'Art&Hobbies', 'Art&Hobbies', 'Art&Hobbies', 'Art&Hobbies', 'Art&Hobbies']"
"['\nМалинк@', '\nМилаЯ', '\nФиона', '\nLisssssa', '\nЛиана', '\nГрета', '\nMalinka92', '\nBizzara', '\nXyhuvupu', '\nAleja', '\nZidogaj', '\nРегина', '\nAnastasia', '\nTalita', '\nAlina90', '\nСапфировая', '\nLanna', '\nГость Елена', '\nГость Эльвира', '\nMarinka_ya', '\nNoKaty', '\nasmy', '\nГость', '\nasmy', '\nK٥ᖘǿλěᏰά', '\nMexika', '\nМирная-зефирная', '\nБаюнушка', '\nAleka', '\nAugustina', '\nXuos', '\nSevilla', '\nШубкина', '\nMexika', '\nГость Леся']","['\nОпубликовано: 7 фев 2016\n', '\nОпубликовано: 7 фев 2016\n', '\nОпубликовано: 20 апр 2016\n', '\nОпубликовано: 22 апр 2016\n', '\nОпубликовано: 22 апр 2016\n', '\nОпубликовано: 1 июн 2016\n', '\nОпубликовано: 1 июн 2016\n', '\nОпубликовано: 26 июн 2016\n', '\nОпубликовано: 12 июл 2016\n', '\nОпубликовано: 12 июл 2016\n', '\nОпубликовано: 12 июл 2016\n', '\nОпубликовано: 22 июл 2016\n', '\nОпубликовано: 31 июл 2016\n', '\nОпубликовано: 1 авг 2016\n', '\nОпубликовано: 8 авг 2016\n', '\nОпубликовано: 22 авг 2016\n', '\nОпубликовано: 9 сен 2016\n', '\nОпубликовано: 13 сен 2016\n', '\nОпубликовано: 13 сен 2016\n', '\nОпубликовано: 22 сен 2016\n', '\nОпубликовано: 24 сен 2016\n', '\nОпубликовано: 3 окт 2016\n', '\nОпубликовано: 3 окт 2016\n', '\nОпубликовано: 3 окт 2016\n', '\nОпубликовано: 4 окт 2016\n', '\nОпубликовано: 16 окт 2016\n\t\t\t\n\t\t\t\t(изменено)\n\t\t\t\n\t\t\t\n\t\t\t\n\t\t', '\nОпубликовано: 23 янв 2017\n', '\nОпубликовано: 23 янв 2017\n\t\t\t\n\t\t\t\t(изменено)\n\t\t\t\n\t\t\t\n\t\t\t\n\t\t', '\nОпубликовано: 27 янв 2017\n', '\nОпубликовано: 27 янв 2017\n', '\nОпубликовано: 27 янв 2017\n', '\nОпубликовано: 30 янв 2017\n', '\nОпубликовано: 18 фев 2017\n', '\nОпубликовано: 22 мар 2017\n', '\nОпубликовано: 2 апр 2017\n']","['\n\n\tНе люблю я разного рода рукоделие, в свободное время люблю читать книги. Муж недавно подарил электронную книгу и я могу читать не только дома, но и в метро. А вы читаете, какие жанры у вас любимые?\n\n', '\n\n\tЯ люблю читать исторические романы и детективы. А вообще не так часто я читаю, как хотелось бы. Свободного времени на это совсем не хватает. Хотя если буду меньше перед компьютером торчать, оно может появиться\xa0\n', '\n\n\tЯ люблю читать современную литературу и современных авторов. Конечно могу обратиться и к мировой классике, но в основном конечно меня интересуют бестселлеры. Люблю быть в курсе дел.\xa0\n\n', '\n\n\tОй, а у меня почти нет времени на чтение(. Так жаль. Раньше я очень много читала. Это было до рождения ребенка. Потом погрязла в быту. Да и компьютер много времени отнимает.\xa0\n\n', '\n\n\tУ меня мало времени на чтение и к сожалению интернет вытеснят это занятие. В основном сейчас - эьто современная литература, но иногда так хочется почитать классиков.\n\n', '\n\n\tЯ люблю читать, но редко могу выделить на это время, поэтому одну книжку могу читать несколько месяцев. В основном читаю что-нибудь лёгкое, какие-нибудь детективчики или любовные романы. Не люблю слишком замудрённые сложные книги с глубоким смыслом. \xa0Чтение должно приносить удовольствие и расслаблять, а не нагружать мозг.\xa0\n\n', '\n\n\tРаньше детективчики любила читать (Хмелевскую, Донцову), а сейчас больше по юмористическим повестям тащусь (трое в лодке... перечитала, начала теперь ""Понедельник начинается в субботу)\n\n', '\n\n\tЧитаю фентези\n\n', '\n\n\tя читаю, но все больше по хобби и увлечениям своим.. на форумах сутками пропадаю..))\n\n', '\n\n\tя вообще не люблю читать, не могу\xa0\n\n', '\n\n\tКак хобби.. не могу сказать. А вот как необходимость для каких-то знаний - то вполне\n\n', '\n\n\tА я обожаю научную литературу и книги по саморазвитию.\n\n', '\n\n\tХудожественная, научная, да любая) читать полезно)\n\n', '\n\n\tДо сих пор нравятся романчики Поляковой. У меня их целый сборник.\xa0\n\n', '\n\n\tРаньше я не очень любила читать, но в последнее время просто не могу без этого, читаю современную прозу классику и немного психологию и социологию - нужно по работе\n', '\n\n\tЭх... если б хватало времени...\n\n', '\n\n\tЯ тоже не читаю почти последнее время. Надо книжку электронную купить наверное.\n\n', '\n\n\tЯ люблю психологическую литературу и по саморазвитию, иногда романы читаю для разгрузки мозга.\n\n', '\n\tмне тоже нравятся книги по психологии. Вы каких авторов читаете?\n', '\n\n\tЕсть свободная минутка, сразу книгу в руки. Люблю читать сильно.\xa0\n\n', '\n\n\tЯ тоже люблю почитать интересную книгу. Сейчас читаю, Ангелы и демоны.\n\n', '\n\n\tдевочки, к моему большому сожалению я не прочитала ни одной книги полностью в своей жизни. подскажите как себя заставить прочитать хотя бы одну? как получить интерес к чтению?\n\n', '\n\n\tдумаю, любовь к чтению дается с рождения. А как заставить? Найти интересную книгу для вас. Посмотрите форумы, спросите совета\n\n', '\n\n\tвот и спрашиваю совета. фантастику не люблю, люблю реальные правдивые интересные истории\n\n', '\n\tА мне кается, это прививается с воспитанием.\n', '\n\n\tНравится фантастика романы \xa0и детективы\n\n\nИзменено 16 окт 2016 пользователем Mexika\n\n', '\n\n\tНе знаю, хорошо это или плохо, но я подсела на аудиокниги. Наушники вставила, и как бы читаю, а точнее слушаю. Руки свободны в это время, могу что-то полезное сделать)\n\n', '\n\n\tЛюблю читать бумажные книги) Хотя и электронные тоже ничего. В последнее время ""подсела"" на психологическую литературу, сейчас читаю Эрика Берна, основателя трансактного анализа, следующая в очереди - ""Эффект Люцифера"" Зимбардо (организатора Стэнфордского тюремного эксперимента). А вообще - библиотека приключений рулит) Иногда, когда хочется ""чистого, доброго, вечного"" - сказки или фэнтези, Аркадий Гайдар и Крапивин, детские книги.\n\n\nИзменено 23 янв 2017 пользователем Баюнушка\n\n', '\n\n\tПосле того как книгу купили мне на e-link спокойно обхожусь без бумажных книг, во первых огромная библиотека и бессплатная, во вторых качество освещения всегда одинаковое и шрифты какие хочешь, как следствие не устают глаза, да и удобнее, всегда на той странице открыто на которой надо\n\n', '\n\n\tя давно уже обхожусь без бумажных книг)) но иногда хочется книгу в руках подержать!\n\n', '\n\n\tу меня чтение каждый день. Да я не читаю романы, но что-то интересное - читаю ежедневно.\n\n', '\n\n\tИз последнего, читала книгу Шантарам - просто потрясающая, хоть немного и не женская, но все же безумно увлекательная. Буквально не выпускала из рук, пока не прочла.\n\n', '\n\n\tИнтересные, вот недавно Фаворита одолела...\n\n', '\n\n\tЧитаю Гаррисона Тесс триллеры и на детективы подсела.Иногда романы Сандра Браун интересно пишет.\n\n', '\n\n\tЛюблю очень сильно читать. Особенно фэнтези.\n\n']","['', '', '', '', '', '', '', '', '', '', '', '', '', '', '', '', '', '', '\n\n\t\t\tЯ люблю психологическую литературу и по саморазвитию, иногда романы читаю для разгрузки мозга.\n\t\t\n', '', '', '', '', '', '\n\n\t\t\tдумаю, любовь к чтению дается с рождения.\xa0\n\t\t\n', '', '', '', '', '', '', '', '', '', '']","['Art&Hobbies', 'Art&Hobbies', 'Art&Hobbies', 'Art&Hobbies', 'Art&Hobbies', 'Art&Hobbies', 'Art&Hobbies', 'Art&Hobbies', 'Art&Hobbies', 'Art&Hobbies', 'Art&Hobbies', 'Art&Hobbies', 'Art&Hobbies', 'Art&Hobbies', 'Art&Hobbies', 'Art&Hobbies', 'Art&Hobbies', 'Art&Hobbies', 'Art&Hobbies', 'Art&Hobbies', 'Art&Hobbies', 'Art&Hobbies', 'Art&Hobbies', 'Art&Hobbies', 'Art&Hobbies', 'Art&Hobbies', 'Art&Hobbies', 'Art&Hobbies', 'Art&Hobbies', 'Art&Hobbies', 'Art&Hobbies', 'Art&Hobbies', 'Art&Hobbies', 'Art&Hobbies', 'Art&Hobbies']"
"['\nrovenskaya.olenka', '\nMandarinka', '\nhitrec322', '\nГость', '\nЛюсьена', '\nlinaastafeva', '\nLisa_Buba', '\nМультивитамин', '\nDenisovaAlexandra', '\nAugustina', '\nYounder', '\nТараканчик', '\nKukolkaMasha', '\nSansanych2350', '\nYounder', '\nppolik']","['\nОпубликовано: 4 апр 2017\n', '\nОпубликовано: 15 июл 2017\n', '\nОпубликовано: 13 апр 2018\n', '\nОпубликовано: 14 апр 2018\n\t\t\t\n\t\t\t\t(изменено)\n\t\t\t\n\t\t\t\n\t\t\t\n\t\t', '\nОпубликовано: 14 апр 2018\n', '\nОпубликовано: 18 май 2018\n', '\nОпубликовано: 8 авг 2018\n', '\nОпубликовано: 24 сен 2018\n', '\nОпубликовано: 15 ноя 2018\n', '\nОпубликовано: 17 янв 2019\n', '\nОпубликовано: 18 янв 2019\n', '\nОпубликовано: 18 янв 2019\n', '\nОпубликовано: 19 янв 2019\n', '\nОпубликовано: 19 янв 2019\n', '\nОпубликовано: 21 янв 2019\n', '\nОпубликовано: 21 янв 2019\n']","['\n\n\tМне больше фантастика нравиться как у Лукьяненко...и Генри Лайон Олди просто обожаю...\n\n', '\n\n\tтолько Хокинг, только научная публицистика. <3\n\n', '\n\n\tЯ тоже не читал,пока жена не подсунула Вербера ""Империю ангелов""\n\n', '\n\n\tМненравится Александра Маринина. Все ее книги прочитала.\n\n\nИзменено 14 апр 2018 пользователем  \n\n', '\n\n\tАкунин. Только старые книги интереснее, чем новые.\n\n', '\n\n\tПредпочитаю классику: Пушкин, Достоевский, Булгаков, Толстой, Гоголь...\n\n', '\n\n\tЯ очень люблю Кинга ,почему-то он нравится больше всех писателей в своем жанре\xa0\n\n', '\n\n\tДля меня чтение даже больше, чем хобби, пожалуй. Люблю хорошие коротки рассказы и современные романы, а вот фантастика вообще не по душе\n\n', '\n\n\tНаталья Нестерова ""Сибиряки"" про несколько поколений семьи, про коллективизацию и ВОВ, много чего. Не оторвешься.\n\n', '\n\n\tя на английском языке читаю)\xa0сразу учу язык и провожу время за интересной книжкой) заканчиваю Форест гамп сейчас)\xa0\n\n', '\n\n\tВернулась к художественной лит-ре с ""Моей гениальной подругой"" Элены Ферранте . Так гладко и образно пишет, что читать одно удовольствие\n\n', '\n\n\tМне тоже фантастика нравится, только вот в телефоне уже глаза болят читать, хочу себе электронную книгу, не знаете как\xa0PocketBook, нормальная?\n\n', '\n\n\tПокетбук, в принципе, одни из лучших. У них долгая гарантия (до 3 лет), качественный экран и мощная батарея. Кроме всего еще и ""всеядность"", что тоже немало важно.\n\n', '\n\n\tТеодор драйзер ""финансит"" из последнего.\n\n', '\n\n\tНастолько заметна разница при чтении с телефона и эл.бука для глаз? Смотрела у мамы, кажется что все такое серое, еще и перелистывается с особенностями\xa0\n\n', '\n\n\tя люблю читать\n\n']","['', '', '', '', '', '', '', '', '', '', '', '', '', '', '', '']","['Art&Hobbies', 'Art&Hobbies', 'Art&Hobbies', 'Art&Hobbies', 'Art&Hobbies', 'Art&Hobbies', 'Art&Hobbies', 'Art&Hobbies', 'Art&Hobbies', 'Art&Hobbies', 'Art&Hobbies', 'Art&Hobbies', 'Art&Hobbies', 'Art&Hobbies', 'Art&Hobbies', 'Art&Hobbies']"
"['\nDarya77', '\nwomantalks.ru', '\nВалерия', '\nXuos', '\nXyhuvupu', '\nГугусик', '\nСапфировая', '\nlina.l', '\nАзалия', '\nTata84', '\nLinaRIM']","['\nОпубликовано: 8 сен 2015\n', '\nОпубликовано: 8 сен 2015\n', '\nОпубликовано: 5 янв 2016\n', '\nОпубликовано: 5 июл 2016\n', '\nОпубликовано: 12 июл 2016\n', '\nОпубликовано: 15 июл 2016\n', '\nОпубликовано: 22 авг 2016\n', '\nОпубликовано: 22 авг 2016\n', '\nОпубликовано: 11 сен 2016\n', '\nОпубликовано: 17 сен 2016\n', '\nОпубликовано: 30 янв 2017\n']","['\n\n\t\xa0\n\n\n\tВсем привет! Меня зовут Дарья, я занимаюсь лепкой украшений из полимерной глины.\n\n\n\tДелаю кулоны, браслеты, магниты, кольца, серьги из полимерной глины, а также мелкую бижутерию — бутоньерки, шпильки, заколки. Как по отдельности, так и в виде оригинальных наборов (серьги+кулон, кольцо+браслет...).\n\n\n\tМатериал — полимерная глина (Fimo), фурнитура (металл, пластик)\n\n\n\t\xa0\n\n\n\n\n\n\n\n\n\n\n', '\nОчень красиво, hand made всегда в почете!\n', '\n\n\tРасскажи как из чего делаешь, поэтапно:) Я хочу научиться!\n\n', '\nВалерия - не думаю, что мастеру есть желание рассказывать свои тонкости. Ведь не забывайте - чтобы дойти до определенного уровня - надо самой прояти курсы, а они стоят не мало..))\n', '\n\n\tа мне вот интересно - а куда такое можно одеть?? как-то не понимаю я... Вот ребенку для развития - пусть лепит, а женщине....\n\n', '\n\tПод определённый стиль одежды - очень даже такие штучки подходят. К примеру, мне кажется, что под стиль кантри подойдут такие украшения.\n', '\n\n\tИнтересненько)\n\n', '\n\n\tкрасиво\xa0вот что значит - руки откуда надо растут -\xa0\n', '\n\n\tКрасота! мечтаю научит делать украшения из полимерной глины, как говорю вот выйду на пенсию и будет у меня ума свободного времени, а пока то денег нет на хобби, то времени не хватает.\n\n', '\n\n\tДевочки, ну как можно такую мелочь вылепить? Вот кто умеет прям талантище.\n\n', '\n\n\tУ Вас очень красивые вещи. Может пора уже задуматься о том, что бы хобби приносило доход?\n\n\n\tРеклама в социальных сетях не сильно привлекает покупателей. Моя подруга вышивает бисером картины. Она выставляла их в социальных сетях, но покупателей были единицы. Мы решили создать сайт и\xa0разместить там работы. Правда для его продвижения в сети, обратились в профессиональную студию, у самих это не получалось. И уже через день мы продали первую картину.\xa0\n\n\n\tНе бойтесь \xa0пробовать что-то новое.\n\n']","['', '', '', '', '', '\n\n\t\t\tа мне вот интересно - а куда такое можно одеть?? как-то не понимаю я... Вот ребенку для развития - пусть лепит, а женщине....\n\t\t\n', '', '', '', '', '']","['Art&Hobbies', 'Art&Hobbies', 'Art&Hobbies', 'Art&Hobbies', 'Art&Hobbies', 'Art&Hobbies', 'Art&Hobbies', 'Art&Hobbies', 'Art&Hobbies', 'Art&Hobbies', 'Art&Hobbies']"
"['\nTalita', '\nNika', '\nVikasun', '\nmariyana', '\nTalita', '\nГугусик', '\nTalita', '\nprostomary', '\nTalita', '\nVioletaYa', '\nagafonia']","['\nОпубликовано: 21 июл 2016\n', '\nОпубликовано: 21 июл 2016\n', '\nОпубликовано: 21 июл 2016\n', '\nОпубликовано: 22 июл 2016\n', '\nОпубликовано: 25 июл 2016\n', '\nОпубликовано: 29 июл 2016\n', '\nОпубликовано: 29 июл 2016\n', '\nОпубликовано: 15 авг 2016\n', '\nОпубликовано: 16 авг 2016\n', '\nОпубликовано: 16 авг 2016\n', '\nОпубликовано: 17 авг 2016\n']","['\n\n\tНикогда не делала\xa0фото для инстаграмма, но прочитала очень полезную статью и думаю, что начну делать снимки. Только я хочу сделать что-то необычное и интересно. Чтобы не просто были фотографии, а целая история, которую не стыдно показать людям. Моя подруга уже использовала советы из статьи, и у нее получилось показать свой стильный внешний вид. Кто уже занимался таким делом? Насколько оно вас заинтересовало?\xa0\n\n', '\n\n\tЯ пользуюсь инстаграм, очень интересно и прикольно!! Спасибо за ссылку, мне понравилась.\xa0Instagram всегда позволит вам рассказать, что рядом с вами))) Попробуйте, я думаю вам тоже придется по душе)))\n\n', '\n\tЧестно скажу ничего нового и ничего интересного. Нужно было разместить статью, вот и склепали попсовый материал на тему как сфотать вещи\xa0. И почему только для Инстаграграм. Качественный, нестандартный снимок в любой сети, в любом месте привлечет внимане.\n', '\n\n\tстать поучительна. спасибо за инфу...\n\n', '\n\n\tА мне все новое интересно. Я никогда этого не делала. Вот также я никогда не пользовалась таким прибором, как, например, сканер. . Практически выполняет ту же работу, что и ксерокс. Но есть свои преимущества. Увеличена сама скорость сканирования, а\xa0шума от этого прибора намного меньше. Так что я за новшества.\xa0\n\n', '\n\tСканер очень удобная штука, можно все свои бумажные фото отцифровать ;-)\n', '\n\n\tТак я начала подумывать о приобретении такого сканера. У меня тем более нет даже принтера и ксерокса)))) А пора давно купить. Ребенок растет, в школу нужно будет.\xa0\n\n', '\n\n\tсходите на фотосессию - будут вам классные фотки.\xa0\n\n', '\n\n\tКак то не думала. Все чаще любительские фото.\xa0\n\n', '\n\n\tя задумывалась о лове-фотосессии) было бы прикольно)\xa0\n\n', '\n\tСейчас найти хорошую студию не так и легко.. А цены все заоблачные ставят..\n']","['', '', '\n\n\t\t\tНикогда не делала\xa0фото для инстаграмма, но прочитала очень полезную статью и думаю, что начну делать снимки. Только я хочу сделать что-то необычное и интересно. Чтобы не просто были фотографии, а целая история, которую не стыдно показать людям. Моя подруга уже использовала советы из статьи, и у нее получилось показать свой стильный внешний вид. Кто уже занимался таким делом? Насколько оно вас заинтересовало?\xa0\n\t\t\n', '', '', '\n\n\t\t\tА мне все новое интересно. Я никогда этого не делала. Вот также я никогда не пользовалась таким прибором, как, например, сканер. А наша фирма купила такую машинку\xa0https://www.prof-scan.ru/skanery\xa0и пришлось осваивать. Практически выполняет ту же работу, что и ксерокс. Но есть свои преимущества. Увеличена сама скорость сканирования, а\xa0шума от этого прибора намного меньше. Так что я за новшества.\xa0\n\t\t\n', '', '', '', '', '\n\n\t\t\tсходите на фотосессию - будут вам классные фотки.\xa0\n\t\t\n']","['Art&Hobbies', 'Art&Hobbies', 'Art&Hobbies', 'Art&Hobbies', 'Art&Hobbies', 'Art&Hobbies', 'Art&Hobbies', 'Art&Hobbies', 'Art&Hobbies', 'Art&Hobbies', 'Art&Hobbies']"
['\nГость Natali'],['\nОпубликовано: 11 фев 2016\n'],"['\n\n\tБольшое вам спасибо за этот курс, за терпение и внимание к студентам. Видно, что преподаватель знает свою \xa0работу. Во время обучения она выкладывается на все 100%. Было достаточно и теории, и практики. vk.com/club109190802\xa0\n\n']",[''],['Art&Hobbies']
"['\nМася', '\nLentaya']","['\nОпубликовано: 2 фев 2016\n', '\nОпубликовано: 2 фев 2016\n']","['\n\n\tПодруга подарила на день рождения краски для ткани. Хочу сильно разрисовать джинсы, детскую футболку, кожаную сумку и туфли. С рисунком для детской футболки как-то определилась быстро, с туфлями тоже, а вот толковый рисунок для джинсов никак найти не могу. Может поможете? Жду ещё ваши идеи и готовые экземпляры с использованием краски для ткани.\n\n', '\n\n\tДа, действительно тяжко выбрать красивый рисунок для джинсовых изделий. Возникла идея поискать эскиз среди татуировок. Может там вас осенит а что-то интересное.\n\n']","['', '']","['Art&Hobbies', 'Art&Hobbies']"
